{
  "type": "`U`&`G`",
  "name": "if equals",
  "units": {
    "if": {
      "id": "06bc3983-44b0-43d6-b041-2e9218ea89c8",
      "input": {
        "a": {},
        "b": {}
      },
      "output": {
        "a if b": {
          "metadata": {
            "position": {
              "x": -115.53022438521393,
              "y": 3.1087414523976804
            }
          }
        }
      },
      "metadata": {
        "position": {
          "x": -65.2049893300736,
          "y": 3.7072264088959628
        }
      }
    },
    "equals": {
      "id": "85204bf6-6692-4686-a785-23127c0594b5",
      "input": {
        "a": {},
        "b": {}
      },
      "output": {
        "a = b": {}
      },
      "metadata": {
        "position": {
          "x": 25.089470707976318,
          "y": 20.682211932913106
        }
      }
    },
    "if0": {
      "id": "06bc3983-44b0-43d6-b041-2e9218ea89c8",
      "input": {
        "a": {},
        "b": {}
      },
      "output": {
        "a if b": {
          "metadata": {
            "position": {
              "x": 88.47471911053361,
              "y": -40.20090848753699
            }
          }
        }
      },
      "metadata": {
        "position": {
          "x": 40.115518622097284,
          "y": -24.38943834180907
        }
      }
    }
  },
  "merges": {
    "0": {
      "if0": {
        "input": {
          "b": true
        }
      },
      "if": {
        "input": {
          "b": true
        }
      },
      "equals": {
        "output": {
          "a = b": true
        }
      }
    },
    "1": {
      "equals": {
        "input": {
          "b": true
        }
      },
      "if0": {
        "input": {
          "a": true
        }
      }
    },
    "2": {
      "equals": {
        "input": {
          "a": true
        }
      },
      "if": {
        "input": {
          "a": true
        }
      }
    }
  },
  "inputs": {
    "a": {
      "plug": {
        "0": {
          "mergeId": "2"
        }
      },
      "metadata": {
        "position": {
          "0": {
            "x": -31.7028611494315,
            "y": 49.899732196166894
          }
        }
      }
    },
    "b": {
      "plug": {
        "0": {
          "mergeId": "1"
        }
      },
      "metadata": {
        "position": {
          "0": {
            "x": 94.77494230499843,
            "y": 20.01836741940366
          }
        }
      }
    }
  },
  "outputs": {
    "a": {
      "plug": {
        "0": {
          "unitId": "if",
          "pinId": "a if b",
          "kind": "output"
        }
      },
      "type": "<A>",
      "metadata": {
        "position": {
          "0": {
            "x": -138.58484026819426,
            "y": 2.033775489949903
          }
        }
      }
    },
    "b": {
      "plug": {
        "0": {
          "unitId": "if0",
          "pinId": "a if b",
          "kind": "output"
        }
      },
      "type": "<A>",
      "metadata": {
        "position": {
          "0": {
            "x": 106.86938630546058,
            "y": -55.050647130061805
          }
        }
      }
    }
  },
  "metadata": {
    "icon": "question",
    "description": "",
    "tags": ["core", "common"],
    "position": {
      "merge": {
        "0": {
          "x": -12.132867817543627,
          "y": -8.157846403141548
        },
        "1": {
          "x": 73.39179213265027,
          "y": 8.302482237377319
        },
        "2": {
          "x": -24.149792576588823,
          "y": 26.548630527374655
        }
      }
    }
  },
  "id": "8a3e15c3-aa92-483b-9408-ef549f2b7dc0",
  "system": true
}
